/home/usuario/Downloads/mdplib_2010/GKD_c/GKD-c_10_n500_m50.txt;32143;19703.339910000046;
/home/usuario/Downloads/mdplib_2010/GKD_c/GKD-c_11_n500_m50.txt;31807;19587.1201800001;
/home/usuario/Downloads/mdplib_2010/GKD_c/GKD-c_12_n500_m50.txt;33696;19360.22393000001;
/home/usuario/Downloads/mdplib_2010/GKD_c/GKD-c_13_n500_m50.txt;47232;19366.69851999999;
/home/usuario/Downloads/mdplib_2010/GKD_c/GKD-c_14_n500_m50.txt;59164;19458.564660000076;
/home/usuario/Downloads/mdplib_2010/GKD_c/GKD-c_15_n500_m50.txt;44333;19422.14640000017;
/home/usuario/Downloads/mdplib_2010/GKD_c/GKD-c_16_n500_m50.txt;45274;19680.204770000062;
/home/usuario/Downloads/mdplib_2010/GKD_c/GKD-c_17_n500_m50.txt;77758;19331.388410000123;
/home/usuario/Downloads/mdplib_2010/GKD_c/GKD-c_18_n500_m50.txt;34546;19461.394599999927;
/home/usuario/Downloads/mdplib_2010/GKD_c/GKD-c_19_n500_m50.txt;66427;19477.325770000036;
/home/usuario/Downloads/mdplib_2010/GKD_c/GKD-c_1_n500_m50.txt;42814;19485.186970000086;
/home/usuario/Downloads/mdplib_2010/GKD_c/GKD-c_20_n500_m50.txt;31351;19604.843560000045;
/home/usuario/Downloads/mdplib_2010/GKD_c/GKD-c_2_n500_m50.txt;49120;19701.53477000009;
/home/usuario/Downloads/mdplib_2010/GKD_c/GKD-c_3_n500_m50.txt;36034;19547.20685000007;
/home/usuario/Downloads/mdplib_2010/GKD_c/GKD-c_4_n500_m50.txt;50720;19596.468380000075;
/home/usuario/Downloads/mdplib_2010/GKD_c/GKD-c_5_n500_m50.txt;34576;19602.62199000005;
/home/usuario/Downloads/mdplib_2010/GKD_c/GKD-c_6_n500_m50.txt;48476;19421.539080000148;
/home/usuario/Downloads/mdplib_2010/GKD_c/GKD-c_7_n500_m50.txt;71662;19534.30358000005;
/home/usuario/Downloads/mdplib_2010/GKD_c/GKD-c_8_n500_m50.txt;48621;19487.320529999986;
/home/usuario/Downloads/mdplib_2010/GKD_c/GKD-c_9_n500_m50.txt;27567;19221.62878000004;
/home/usuario/Downloads/mdplib_2010/GKD_c/GKD-c_10_n500_m50.txt;33016;19703.33991000005;
/home/usuario/Downloads/mdplib_2010/GKD_c/GKD-c_11_n500_m50.txt;32968;19587.120180000096;
/home/usuario/Downloads/mdplib_2010/GKD_c/GKD-c_12_n500_m50.txt;33351;19360.22393000002;
/home/usuario/Downloads/mdplib_2010/GKD_c/GKD-c_13_n500_m50.txt;44576;19366.69852000001;
/home/usuario/Downloads/mdplib_2010/GKD_c/GKD-c_14_n500_m50.txt;57384;19458.564660000087;
/home/usuario/Downloads/mdplib_2010/GKD_c/GKD-c_15_n500_m50.txt;48314;19422.14640000017;
/home/usuario/Downloads/mdplib_2010/GKD_c/GKD-c_16_n500_m50.txt;34986;19680.204770000062;
/home/usuario/Downloads/mdplib_2010/GKD_c/GKD-c_17_n500_m50.txt;84983;19331.388410000123;
/home/usuario/Downloads/mdplib_2010/GKD_c/GKD-c_18_n500_m50.txt;43703;19461.39459999993;
/home/usuario/Downloads/mdplib_2010/GKD_c/GKD-c_19_n500_m50.txt;61725;19477.32577000003;
/home/usuario/Downloads/mdplib_2010/GKD_c/GKD-c_1_n500_m50.txt;40603;19485.186970000086;
/home/usuario/Downloads/mdplib_2010/GKD_c/GKD-c_20_n500_m50.txt;28686;19604.843560000045;
/home/usuario/Downloads/mdplib_2010/GKD_c/GKD-c_2_n500_m50.txt;40502;19701.53477000009;
/home/usuario/Downloads/mdplib_2010/GKD_c/GKD-c_3_n500_m50.txt;31794;19547.206850000068;
/home/usuario/Downloads/mdplib_2010/GKD_c/GKD-c_4_n500_m50.txt;41756;19596.468380000075;
/home/usuario/Downloads/mdplib_2010/GKD_c/GKD-c_5_n500_m50.txt;31792;19602.621990000058;
/home/usuario/Downloads/mdplib_2010/GKD_c/GKD-c_6_n500_m50.txt;50877;19421.53908000015;
/home/usuario/Downloads/mdplib_2010/GKD_c/GKD-c_7_n500_m50.txt;64554;19534.30358000005;
/home/usuario/Downloads/mdplib_2010/GKD_c/GKD-c_8_n500_m50.txt;45576;19487.320529999986;
/home/usuario/Downloads/mdplib_2010/GKD_c/GKD-c_9_n500_m50.txt;24214;19221.62878000004;
/home/usuario/Downloads/mdplib_2010/GKD_c/GKD-c_10_n500_m50.txt;29937;19703.339910000053;
/home/usuario/Downloads/mdplib_2010/GKD_c/GKD-c_11_n500_m50.txt;26712;19587.120180000096;
/home/usuario/Downloads/mdplib_2010/GKD_c/GKD-c_12_n500_m50.txt;30561;19360.22393000001;
/home/usuario/Downloads/mdplib_2010/GKD_c/GKD-c_13_n500_m50.txt;38132;19366.69851999999;
/home/usuario/Downloads/mdplib_2010/GKD_c/GKD-c_14_n500_m50.txt;53382;19458.564660000087;
/home/usuario/Downloads/mdplib_2010/GKD_c/GKD-c_15_n500_m50.txt;40868;19422.146400000176;
/home/usuario/Downloads/mdplib_2010/GKD_c/GKD-c_16_n500_m50.txt;29814;19680.204770000055;
/home/usuario/Downloads/mdplib_2010/GKD_c/GKD-c_17_n500_m50.txt;70692;19331.388410000123;
/home/usuario/Downloads/mdplib_2010/GKD_c/GKD-c_18_n500_m50.txt;31853;19461.39459999993;
/home/usuario/Downloads/mdplib_2010/GKD_c/GKD-c_19_n500_m50.txt;54262;19477.325770000036;
/home/usuario/Downloads/mdplib_2010/GKD_c/GKD-c_1_n500_m50.txt;41501;19485.186970000086;
/home/usuario/Downloads/mdplib_2010/GKD_c/GKD-c_20_n500_m50.txt;29120;19604.843560000045;
/home/usuario/Downloads/mdplib_2010/GKD_c/GKD-c_2_n500_m50.txt;40140;19701.534770000082;
/home/usuario/Downloads/mdplib_2010/GKD_c/GKD-c_3_n500_m50.txt;30370;19547.206850000068;
/home/usuario/Downloads/mdplib_2010/GKD_c/GKD-c_4_n500_m50.txt;44027;19596.468380000075;
/home/usuario/Downloads/mdplib_2010/GKD_c/GKD-c_5_n500_m50.txt;32347;19602.62199000005;
/home/usuario/Downloads/mdplib_2010/GKD_c/GKD-c_6_n500_m50.txt;44915;19421.53908000015;
/home/usuario/Downloads/mdplib_2010/GKD_c/GKD-c_7_n500_m50.txt;63129;19534.303580000047;
/home/usuario/Downloads/mdplib_2010/GKD_c/GKD-c_8_n500_m50.txt;45724;19487.320529999986;
/home/usuario/Downloads/mdplib_2010/GKD_c/GKD-c_9_n500_m50.txt;23932;19221.62878000004;
/home/usuario/Downloads/mdplib_2010/GKD_c/GKD-c_10_n500_m50.txt;29402;19703.339910000053;
/home/usuario/Downloads/mdplib_2010/GKD_c/GKD-c_11_n500_m50.txt;26181;19587.1201800001;
/home/usuario/Downloads/mdplib_2010/GKD_c/GKD-c_12_n500_m50.txt;31488;19360.223930000007;
/home/usuario/Downloads/mdplib_2010/GKD_c/GKD-c_13_n500_m50.txt;38991;19366.69852000001;
/home/usuario/Downloads/mdplib_2010/GKD_c/GKD-c_14_n500_m50.txt;54275;19458.564660000087;
/home/usuario/Downloads/mdplib_2010/GKD_c/GKD-c_15_n500_m50.txt;40591;19422.146400000176;
/home/usuario/Downloads/mdplib_2010/GKD_c/GKD-c_16_n500_m50.txt;28599;19680.20477000006;
/home/usuario/Downloads/mdplib_2010/GKD_c/GKD-c_17_n500_m50.txt;70266;19331.388410000123;
/home/usuario/Downloads/mdplib_2010/GKD_c/GKD-c_18_n500_m50.txt;32693;19461.39459999993;
/home/usuario/Downloads/mdplib_2010/GKD_c/GKD-c_19_n500_m50.txt;54929;19477.325770000036;
/home/usuario/Downloads/mdplib_2010/GKD_c/GKD-c_1_n500_m50.txt;40927;19485.186970000086;
/home/usuario/Downloads/mdplib_2010/GKD_c/GKD-c_20_n500_m50.txt;28443;19604.843560000045;
/home/usuario/Downloads/mdplib_2010/GKD_c/GKD-c_2_n500_m50.txt;40339;19701.53477000009;
/home/usuario/Downloads/mdplib_2010/GKD_c/GKD-c_3_n500_m50.txt;32135;19547.20685000007;
/home/usuario/Downloads/mdplib_2010/GKD_c/GKD-c_4_n500_m50.txt;44082;19596.468380000082;
/home/usuario/Downloads/mdplib_2010/GKD_c/GKD-c_5_n500_m50.txt;33491;19602.621990000058;
/home/usuario/Downloads/mdplib_2010/GKD_c/GKD-c_6_n500_m50.txt;43913;19421.539080000148;
/home/usuario/Downloads/mdplib_2010/GKD_c/GKD-c_7_n500_m50.txt;63240;19534.30358000005;
/home/usuario/Downloads/mdplib_2010/GKD_c/GKD-c_8_n500_m50.txt;45468;19487.32052999998;
/home/usuario/Downloads/mdplib_2010/GKD_c/GKD-c_9_n500_m50.txt;24596;19221.62878000004;
/home/usuario/Downloads/mdplib_2010/GKD_c/GKD-c_10_n500_m50.txt;30272;19703.339910000053;
/home/usuario/Downloads/mdplib_2010/GKD_c/GKD-c_11_n500_m50.txt;26644;19587.1201800001;
/home/usuario/Downloads/mdplib_2010/GKD_c/GKD-c_12_n500_m50.txt;30653;19360.22393000002;
/home/usuario/Downloads/mdplib_2010/GKD_c/GKD-c_13_n500_m50.txt;38507;19366.69852000001;
/home/usuario/Downloads/mdplib_2010/GKD_c/GKD-c_14_n500_m50.txt;53941;19458.564660000087;
/home/usuario/Downloads/mdplib_2010/GKD_c/GKD-c_15_n500_m50.txt;41017;19422.146400000176;
/home/usuario/Downloads/mdplib_2010/GKD_c/GKD-c_16_n500_m50.txt;30895;19680.204770000062;
/home/usuario/Downloads/mdplib_2010/GKD_c/GKD-c_17_n500_m50.txt;68909;19331.388410000123;
/home/usuario/Downloads/mdplib_2010/GKD_c/GKD-c_18_n500_m50.txt;32777;19461.394599999927;
/home/usuario/Downloads/mdplib_2010/GKD_c/GKD-c_19_n500_m50.txt;55329;19477.325770000036;
/home/usuario/Downloads/mdplib_2010/GKD_c/GKD-c_1_n500_m50.txt;40335;19485.186970000086;
/home/usuario/Downloads/mdplib_2010/GKD_c/GKD-c_20_n500_m50.txt;29013;19604.843560000038;
/home/usuario/Downloads/mdplib_2010/GKD_c/GKD-c_2_n500_m50.txt;40688;19701.53477000009;
/home/usuario/Downloads/mdplib_2010/GKD_c/GKD-c_3_n500_m50.txt;33501;19547.20685000007;
/home/usuario/Downloads/mdplib_2010/GKD_c/GKD-c_4_n500_m50.txt;43062;19596.468380000075;
/home/usuario/Downloads/mdplib_2010/GKD_c/GKD-c_5_n500_m50.txt;33534;19602.621990000058;
/home/usuario/Downloads/mdplib_2010/GKD_c/GKD-c_6_n500_m50.txt;43953;19421.53908000015;
/home/usuario/Downloads/mdplib_2010/GKD_c/GKD-c_7_n500_m50.txt;63373;19534.303580000047;
/home/usuario/Downloads/mdplib_2010/GKD_c/GKD-c_8_n500_m50.txt;47749;19487.320529999983;
/home/usuario/Downloads/mdplib_2010/GKD_c/GKD-c_9_n500_m50.txt;24792;19221.62878000004;
/home/usuario/Downloads/mdplib_2010/GKD_c/GKD-c_10_n500_m50.txt;29736;19703.33991000005;
/home/usuario/Downloads/mdplib_2010/GKD_c/GKD-c_11_n500_m50.txt;26360;19587.120180000096;
/home/usuario/Downloads/mdplib_2010/GKD_c/GKD-c_12_n500_m50.txt;31588;19360.22393000001;
/home/usuario/Downloads/mdplib_2010/GKD_c/GKD-c_13_n500_m50.txt;37470;19366.69851999999;
/home/usuario/Downloads/mdplib_2010/GKD_c/GKD-c_14_n500_m50.txt;54337;19458.564660000076;
/home/usuario/Downloads/mdplib_2010/GKD_c/GKD-c_15_n500_m50.txt;40692;19422.14640000017;
/home/usuario/Downloads/mdplib_2010/GKD_c/GKD-c_16_n500_m50.txt;30037;19680.204770000062;
/home/usuario/Downloads/mdplib_2010/GKD_c/GKD-c_17_n500_m50.txt;68023;19331.388410000127;
/home/usuario/Downloads/mdplib_2010/GKD_c/GKD-c_18_n500_m50.txt;33251;19461.39459999993;
/home/usuario/Downloads/mdplib_2010/GKD_c/GKD-c_19_n500_m50.txt;55452;19477.325770000036;
/home/usuario/Downloads/mdplib_2010/GKD_c/GKD-c_1_n500_m50.txt;42030;19485.186970000086;
/home/usuario/Downloads/mdplib_2010/GKD_c/GKD-c_20_n500_m50.txt;29547;19604.843560000038;
/home/usuario/Downloads/mdplib_2010/GKD_c/GKD-c_2_n500_m50.txt;42335;19701.534770000086;
/home/usuario/Downloads/mdplib_2010/GKD_c/GKD-c_3_n500_m50.txt;32217;19547.206850000068;
/home/usuario/Downloads/mdplib_2010/GKD_c/GKD-c_4_n500_m50.txt;43322;19596.468380000075;
/home/usuario/Downloads/mdplib_2010/GKD_c/GKD-c_5_n500_m50.txt;32202;19602.62199000005;
/home/usuario/Downloads/mdplib_2010/GKD_c/GKD-c_6_n500_m50.txt;44214;19421.539080000148;
/home/usuario/Downloads/mdplib_2010/GKD_c/GKD-c_7_n500_m50.txt;63174;19534.30358000005;
/home/usuario/Downloads/mdplib_2010/GKD_c/GKD-c_8_n500_m50.txt;45975;19487.320529999986;
/home/usuario/Downloads/mdplib_2010/GKD_c/GKD-c_9_n500_m50.txt;23469;19221.62878000004;
/home/usuario/Downloads/mdplib_2010/GKD_c/GKD-c_10_n500_m50.txt;28414;19703.33991000005;
/home/usuario/Downloads/mdplib_2010/GKD_c/GKD-c_11_n500_m50.txt;25834;19587.1201800001;
/home/usuario/Downloads/mdplib_2010/GKD_c/GKD-c_12_n500_m50.txt;29780;19360.22393000002;
/home/usuario/Downloads/mdplib_2010/GKD_c/GKD-c_13_n500_m50.txt;37137;19366.69851999999;
/home/usuario/Downloads/mdplib_2010/GKD_c/GKD-c_14_n500_m50.txt;50719;19458.564660000087;
/home/usuario/Downloads/mdplib_2010/GKD_c/GKD-c_15_n500_m50.txt;38872;19422.146400000176;
/home/usuario/Downloads/mdplib_2010/GKD_c/GKD-c_16_n500_m50.txt;29107;19680.204770000062;
/home/usuario/Downloads/mdplib_2010/GKD_c/GKD-c_17_n500_m50.txt;65534;19331.388410000127;
/home/usuario/Downloads/mdplib_2010/GKD_c/GKD-c_18_n500_m50.txt;31962;19461.39459999993;
/home/usuario/Downloads/mdplib_2010/GKD_c/GKD-c_19_n500_m50.txt;52270;19477.325770000036;
/home/usuario/Downloads/mdplib_2010/GKD_c/GKD-c_1_n500_m50.txt;40060;19485.186970000086;
/home/usuario/Downloads/mdplib_2010/GKD_c/GKD-c_20_n500_m50.txt;28795;19604.843560000038;
/home/usuario/Downloads/mdplib_2010/GKD_c/GKD-c_2_n500_m50.txt;41265;19701.53477000009;
/home/usuario/Downloads/mdplib_2010/GKD_c/GKD-c_3_n500_m50.txt;32319;19547.20685000007;
/home/usuario/Downloads/mdplib_2010/GKD_c/GKD-c_4_n500_m50.txt;43422;19596.468380000082;
/home/usuario/Downloads/mdplib_2010/GKD_c/GKD-c_5_n500_m50.txt;34116;19602.621990000058;
/home/usuario/Downloads/mdplib_2010/GKD_c/GKD-c_6_n500_m50.txt;44610;19421.539080000137;
/home/usuario/Downloads/mdplib_2010/GKD_c/GKD-c_7_n500_m50.txt;60604;19534.30358000005;
/home/usuario/Downloads/mdplib_2010/GKD_c/GKD-c_8_n500_m50.txt;44780;19487.320529999986;
/home/usuario/Downloads/mdplib_2010/GKD_c/GKD-c_9_n500_m50.txt;24331;19221.62878000004;
/home/usuario/Downloads/mdplib_2010/GKD_c/GKD-c_10_n500_m50.txt;29575;19703.339910000053;
/home/usuario/Downloads/mdplib_2010/GKD_c/GKD-c_11_n500_m50.txt;27634;19587.1201800001;
/home/usuario/Downloads/mdplib_2010/GKD_c/GKD-c_12_n500_m50.txt;30678;19360.22393000001;
/home/usuario/Downloads/mdplib_2010/GKD_c/GKD-c_13_n500_m50.txt;38342;19366.69851999999;
/home/usuario/Downloads/mdplib_2010/GKD_c/GKD-c_14_n500_m50.txt;53929;19458.564660000087;
/home/usuario/Downloads/mdplib_2010/GKD_c/GKD-c_15_n500_m50.txt;41911;19422.14640000017;
/home/usuario/Downloads/mdplib_2010/GKD_c/GKD-c_16_n500_m50.txt;30807;19680.204770000062;
/home/usuario/Downloads/mdplib_2010/GKD_c/GKD-c_17_n500_m50.txt;71650;19331.388410000127;
/home/usuario/Downloads/mdplib_2010/GKD_c/GKD-c_18_n500_m50.txt;34053;19461.39459999993;
/home/usuario/Downloads/mdplib_2010/GKD_c/GKD-c_19_n500_m50.txt;56638;19477.32577000003;
/home/usuario/Downloads/mdplib_2010/GKD_c/GKD-c_1_n500_m50.txt;42216;19485.186970000086;
/home/usuario/Downloads/mdplib_2010/GKD_c/GKD-c_20_n500_m50.txt;29425;19604.843560000045;
/home/usuario/Downloads/mdplib_2010/GKD_c/GKD-c_2_n500_m50.txt;43004;19701.534770000082;
/home/usuario/Downloads/mdplib_2010/GKD_c/GKD-c_3_n500_m50.txt;32235;19547.20685000007;
/home/usuario/Downloads/mdplib_2010/GKD_c/GKD-c_4_n500_m50.txt;43968;19596.468380000075;
/home/usuario/Downloads/mdplib_2010/GKD_c/GKD-c_5_n500_m50.txt;33602;19602.62199000005;
/home/usuario/Downloads/mdplib_2010/GKD_c/GKD-c_6_n500_m50.txt;45879;19421.53908000015;
/home/usuario/Downloads/mdplib_2010/GKD_c/GKD-c_7_n500_m50.txt;64265;19534.30358000005;
/home/usuario/Downloads/mdplib_2010/GKD_c/GKD-c_8_n500_m50.txt;45608;19487.320529999975;
/home/usuario/Downloads/mdplib_2010/GKD_c/GKD-c_9_n500_m50.txt;25047;19221.62878000004;
/home/usuario/Downloads/mdplib_2010/GKD_c/GKD-c_10_n500_m50.txt;29543;19703.339910000053;
/home/usuario/Downloads/mdplib_2010/GKD_c/GKD-c_11_n500_m50.txt;26675;19587.120180000096;
/home/usuario/Downloads/mdplib_2010/GKD_c/GKD-c_12_n500_m50.txt;30659;19360.22393000001;
/home/usuario/Downloads/mdplib_2010/GKD_c/GKD-c_13_n500_m50.txt;38669;19366.69852000001;
/home/usuario/Downloads/mdplib_2010/GKD_c/GKD-c_14_n500_m50.txt;53270;19458.564660000087;
/home/usuario/Downloads/mdplib_2010/GKD_c/GKD-c_15_n500_m50.txt;40993;19422.146400000176;
/home/usuario/Downloads/mdplib_2010/GKD_c/GKD-c_16_n500_m50.txt;29203;19680.204770000062;
/home/usuario/Downloads/mdplib_2010/GKD_c/GKD-c_17_n500_m50.txt;69920;19331.388410000127;
/home/usuario/Downloads/mdplib_2010/GKD_c/GKD-c_18_n500_m50.txt;33218;19461.394599999927;
/home/usuario/Downloads/mdplib_2010/GKD_c/GKD-c_19_n500_m50.txt;54370;19477.325770000036;
/home/usuario/Downloads/mdplib_2010/GKD_c/GKD-c_1_n500_m50.txt;41789;19485.186970000086;
/home/usuario/Downloads/mdplib_2010/GKD_c/GKD-c_20_n500_m50.txt;29260;19604.843560000045;
/home/usuario/Downloads/mdplib_2010/GKD_c/GKD-c_2_n500_m50.txt;41226;19701.53477000009;
/home/usuario/Downloads/mdplib_2010/GKD_c/GKD-c_3_n500_m50.txt;32731;19547.206850000068;
/home/usuario/Downloads/mdplib_2010/GKD_c/GKD-c_4_n500_m50.txt;45122;19596.468380000075;
/home/usuario/Downloads/mdplib_2010/GKD_c/GKD-c_5_n500_m50.txt;33622;19602.62199000005;
/home/usuario/Downloads/mdplib_2010/GKD_c/GKD-c_6_n500_m50.txt;43767;19421.53908000015;
/home/usuario/Downloads/mdplib_2010/GKD_c/GKD-c_7_n500_m50.txt;65967;19534.30358000005;
/home/usuario/Downloads/mdplib_2010/GKD_c/GKD-c_8_n500_m50.txt;47089;19487.320529999986;
/home/usuario/Downloads/mdplib_2010/GKD_c/GKD-c_9_n500_m50.txt;25088;19221.62878000004;
/home/usuario/Downloads/mdplib_2010/GKD_c/GKD-c_10_n500_m50.txt;30941;19703.339910000053;
/home/usuario/Downloads/mdplib_2010/GKD_c/GKD-c_11_n500_m50.txt;26905;19587.120180000096;
/home/usuario/Downloads/mdplib_2010/GKD_c/GKD-c_12_n500_m50.txt;31290;19360.223930000007;
/home/usuario/Downloads/mdplib_2010/GKD_c/GKD-c_13_n500_m50.txt;37483;19366.69851999999;
/home/usuario/Downloads/mdplib_2010/GKD_c/GKD-c_14_n500_m50.txt;52827;19458.564660000076;
/home/usuario/Downloads/mdplib_2010/GKD_c/GKD-c_15_n500_m50.txt;40559;19422.146400000176;
/home/usuario/Downloads/mdplib_2010/GKD_c/GKD-c_16_n500_m50.txt;30253;19680.204770000062;
/home/usuario/Downloads/mdplib_2010/GKD_c/GKD-c_17_n500_m50.txt;69948;19331.388410000127;
/home/usuario/Downloads/mdplib_2010/GKD_c/GKD-c_18_n500_m50.txt;33369;19461.39459999993;
/home/usuario/Downloads/mdplib_2010/GKD_c/GKD-c_19_n500_m50.txt;54199;19477.325770000036;
/home/usuario/Downloads/mdplib_2010/GKD_c/GKD-c_1_n500_m50.txt;41451;19485.186970000086;
/home/usuario/Downloads/mdplib_2010/GKD_c/GKD-c_20_n500_m50.txt;29117;19604.843560000045;
/home/usuario/Downloads/mdplib_2010/GKD_c/GKD-c_2_n500_m50.txt;42683;19701.53477000009;
/home/usuario/Downloads/mdplib_2010/GKD_c/GKD-c_3_n500_m50.txt;32207;19547.206850000068;
/home/usuario/Downloads/mdplib_2010/GKD_c/GKD-c_4_n500_m50.txt;42943;19596.468380000075;
/home/usuario/Downloads/mdplib_2010/GKD_c/GKD-c_5_n500_m50.txt;33008;19602.62199000005;
/home/usuario/Downloads/mdplib_2010/GKD_c/GKD-c_6_n500_m50.txt;44480;19421.539080000137;
/home/usuario/Downloads/mdplib_2010/GKD_c/GKD-c_7_n500_m50.txt;63018;19534.30358000005;
/home/usuario/Downloads/mdplib_2010/GKD_c/GKD-c_8_n500_m50.txt;45323;19487.32052999998;
/home/usuario/Downloads/mdplib_2010/GKD_c/GKD-c_9_n500_m50.txt;24021;19221.62878000003;
/home/usuario/Downloads/mdplib_2010/GKD_c/GKD-c_10_n500_m50.txt;30516;19703.339910000053;
/home/usuario/Downloads/mdplib_2010/GKD_c/GKD-c_11_n500_m50.txt;26563;19587.120180000096;
/home/usuario/Downloads/mdplib_2010/GKD_c/GKD-c_12_n500_m50.txt;31422;19360.223930000007;
/home/usuario/Downloads/mdplib_2010/GKD_c/GKD-c_13_n500_m50.txt;38706;19366.69851999999;
/home/usuario/Downloads/mdplib_2010/GKD_c/GKD-c_14_n500_m50.txt;53165;19458.56466000008;
/home/usuario/Downloads/mdplib_2010/GKD_c/GKD-c_15_n500_m50.txt;41526;19422.146400000176;
/home/usuario/Downloads/mdplib_2010/GKD_c/GKD-c_16_n500_m50.txt;29290;19680.204770000062;
/home/usuario/Downloads/mdplib_2010/GKD_c/GKD-c_17_n500_m50.txt;67939;19331.388410000123;
/home/usuario/Downloads/mdplib_2010/GKD_c/GKD-c_18_n500_m50.txt;31739;19461.39459999993;
/home/usuario/Downloads/mdplib_2010/GKD_c/GKD-c_19_n500_m50.txt;51787;19477.32577000003;
/home/usuario/Downloads/mdplib_2010/GKD_c/GKD-c_1_n500_m50.txt;40230;19485.186970000086;
/home/usuario/Downloads/mdplib_2010/GKD_c/GKD-c_20_n500_m50.txt;28718;19604.843560000045;
/home/usuario/Downloads/mdplib_2010/GKD_c/GKD-c_2_n500_m50.txt;40387;19701.53477000009;
/home/usuario/Downloads/mdplib_2010/GKD_c/GKD-c_3_n500_m50.txt;32727;19547.20685000007;
/home/usuario/Downloads/mdplib_2010/GKD_c/GKD-c_4_n500_m50.txt;43532;19596.468380000075;
/home/usuario/Downloads/mdplib_2010/GKD_c/GKD-c_5_n500_m50.txt;32333;19602.621990000058;
/home/usuario/Downloads/mdplib_2010/GKD_c/GKD-c_6_n500_m50.txt;43259;19421.53908000015;
/home/usuario/Downloads/mdplib_2010/GKD_c/GKD-c_7_n500_m50.txt;61581;19534.30358000005;
/home/usuario/Downloads/mdplib_2010/GKD_c/GKD-c_8_n500_m50.txt;43334;19487.320529999983;
/home/usuario/Downloads/mdplib_2010/GKD_c/GKD-c_9_n500_m50.txt;23162;19221.62878000004;
/home/usuario/Downloads/mdplib_2010/GKD_c/GKD-c_10_n500_m50.txt;28136;19703.33991000005;
/home/usuario/Downloads/mdplib_2010/GKD_c/GKD-c_11_n500_m50.txt;26896;19587.1201800001;
/home/usuario/Downloads/mdplib_2010/GKD_c/GKD-c_12_n500_m50.txt;31087;19360.22393000001;
/home/usuario/Downloads/mdplib_2010/GKD_c/GKD-c_13_n500_m50.txt;37815;19366.69852000001;
/home/usuario/Downloads/mdplib_2010/GKD_c/GKD-c_14_n500_m50.txt;52143;19458.564660000087;
/home/usuario/Downloads/mdplib_2010/GKD_c/GKD-c_15_n500_m50.txt;40819;19422.146400000176;
/home/usuario/Downloads/mdplib_2010/GKD_c/GKD-c_16_n500_m50.txt;29964;19680.204770000062;
/home/usuario/Downloads/mdplib_2010/GKD_c/GKD-c_17_n500_m50.txt;71069;19331.388410000123;
/home/usuario/Downloads/mdplib_2010/GKD_c/GKD-c_18_n500_m50.txt;32599;19461.39459999993;
/home/usuario/Downloads/mdplib_2010/GKD_c/GKD-c_19_n500_m50.txt;54272;19477.32577000003;
/home/usuario/Downloads/mdplib_2010/GKD_c/GKD-c_1_n500_m50.txt;40527;19485.186970000086;
/home/usuario/Downloads/mdplib_2010/GKD_c/GKD-c_20_n500_m50.txt;27764;19604.843560000045;
/home/usuario/Downloads/mdplib_2010/GKD_c/GKD-c_2_n500_m50.txt;42262;19701.534770000086;
/home/usuario/Downloads/mdplib_2010/GKD_c/GKD-c_3_n500_m50.txt;31680;19547.206850000068;
/home/usuario/Downloads/mdplib_2010/GKD_c/GKD-c_4_n500_m50.txt;41800;19596.468380000075;
/home/usuario/Downloads/mdplib_2010/GKD_c/GKD-c_5_n500_m50.txt;32335;19602.621990000058;
/home/usuario/Downloads/mdplib_2010/GKD_c/GKD-c_6_n500_m50.txt;43464;19421.53908000015;
/home/usuario/Downloads/mdplib_2010/GKD_c/GKD-c_7_n500_m50.txt;61366;19534.30358000005;
/home/usuario/Downloads/mdplib_2010/GKD_c/GKD-c_8_n500_m50.txt;45185;19487.320529999983;
/home/usuario/Downloads/mdplib_2010/GKD_c/GKD-c_9_n500_m50.txt;24113;19221.62878000004;
/home/usuario/Downloads/mdplib_2010/GKD_c/GKD-c_10_n500_m50.txt;29955;19703.33991000005;
/home/usuario/Downloads/mdplib_2010/GKD_c/GKD-c_11_n500_m50.txt;26313;19587.120180000096;
/home/usuario/Downloads/mdplib_2010/GKD_c/GKD-c_12_n500_m50.txt;32054;19360.223930000007;
/home/usuario/Downloads/mdplib_2010/GKD_c/GKD-c_13_n500_m50.txt;36968;19366.69851999999;
/home/usuario/Downloads/mdplib_2010/GKD_c/GKD-c_14_n500_m50.txt;52027;19458.564660000087;
/home/usuario/Downloads/mdplib_2010/GKD_c/GKD-c_15_n500_m50.txt;40934;19422.146400000176;
/home/usuario/Downloads/mdplib_2010/GKD_c/GKD-c_16_n500_m50.txt;29226;19680.204770000062;
/home/usuario/Downloads/mdplib_2010/GKD_c/GKD-c_17_n500_m50.txt;69112;19331.388410000127;
/home/usuario/Downloads/mdplib_2010/GKD_c/GKD-c_18_n500_m50.txt;31277;19461.39459999993;
/home/usuario/Downloads/mdplib_2010/GKD_c/GKD-c_19_n500_m50.txt;51607;19477.32577000003;
/home/usuario/Downloads/mdplib_2010/GKD_c/GKD-c_1_n500_m50.txt;40082;19485.186970000086;
/home/usuario/Downloads/mdplib_2010/GKD_c/GKD-c_20_n500_m50.txt;27944;19604.843560000045;
/home/usuario/Downloads/mdplib_2010/GKD_c/GKD-c_2_n500_m50.txt;39165;19701.53477000009;
/home/usuario/Downloads/mdplib_2010/GKD_c/GKD-c_3_n500_m50.txt;31486;19547.20685000007;
/home/usuario/Downloads/mdplib_2010/GKD_c/GKD-c_4_n500_m50.txt;41592;19596.468380000082;
/home/usuario/Downloads/mdplib_2010/GKD_c/GKD-c_5_n500_m50.txt;33175;19602.621990000058;
/home/usuario/Downloads/mdplib_2010/GKD_c/GKD-c_6_n500_m50.txt;44856;19421.539080000137;
/home/usuario/Downloads/mdplib_2010/GKD_c/GKD-c_7_n500_m50.txt;62168;19534.30358000005;
/home/usuario/Downloads/mdplib_2010/GKD_c/GKD-c_8_n500_m50.txt;45311;19487.320529999983;
/home/usuario/Downloads/mdplib_2010/GKD_c/GKD-c_9_n500_m50.txt;23957;19221.62878000004;
/home/usuario/Downloads/mdplib_2010/GKD_c/GKD-c_10_n500_m50.txt;29592;19703.33991000005;
/home/usuario/Downloads/mdplib_2010/GKD_c/GKD-c_11_n500_m50.txt;26987;19587.1201800001;
/home/usuario/Downloads/mdplib_2010/GKD_c/GKD-c_12_n500_m50.txt;29633;19360.223930000007;
/home/usuario/Downloads/mdplib_2010/GKD_c/GKD-c_13_n500_m50.txt;36242;19366.69852000001;
/home/usuario/Downloads/mdplib_2010/GKD_c/GKD-c_14_n500_m50.txt;51212;19458.564660000087;
/home/usuario/Downloads/mdplib_2010/GKD_c/GKD-c_15_n500_m50.txt;39087;19422.146400000176;
/home/usuario/Downloads/mdplib_2010/GKD_c/GKD-c_16_n500_m50.txt;29043;19680.204770000062;
/home/usuario/Downloads/mdplib_2010/GKD_c/GKD-c_17_n500_m50.txt;67986;19331.388410000123;
/home/usuario/Downloads/mdplib_2010/GKD_c/GKD-c_18_n500_m50.txt;32404;19461.39459999993;
/home/usuario/Downloads/mdplib_2010/GKD_c/GKD-c_19_n500_m50.txt;53638;19477.32577000003;
/home/usuario/Downloads/mdplib_2010/GKD_c/GKD-c_1_n500_m50.txt;40271;19485.186970000086;
/home/usuario/Downloads/mdplib_2010/GKD_c/GKD-c_20_n500_m50.txt;28620;19604.843560000045;
/home/usuario/Downloads/mdplib_2010/GKD_c/GKD-c_2_n500_m50.txt;40290;19701.53477000009;
/home/usuario/Downloads/mdplib_2010/GKD_c/GKD-c_3_n500_m50.txt;31158;19547.206850000068;
/home/usuario/Downloads/mdplib_2010/GKD_c/GKD-c_4_n500_m50.txt;42285;19596.468380000075;
/home/usuario/Downloads/mdplib_2010/GKD_c/GKD-c_5_n500_m50.txt;31889;19602.62199000005;
/home/usuario/Downloads/mdplib_2010/GKD_c/GKD-c_6_n500_m50.txt;44533;19421.539080000137;
/home/usuario/Downloads/mdplib_2010/GKD_c/GKD-c_7_n500_m50.txt;59913;19534.30358000005;
/home/usuario/Downloads/mdplib_2010/GKD_c/GKD-c_8_n500_m50.txt;45568;19487.320529999986;
/home/usuario/Downloads/mdplib_2010/GKD_c/GKD-c_9_n500_m50.txt;23907;19221.62878000004;
/home/usuario/Downloads/mdplib_2010/GKD_c/GKD-c_10_n500_m50.txt;29106;19703.339910000053;
/home/usuario/Downloads/mdplib_2010/GKD_c/GKD-c_11_n500_m50.txt;26453;19587.1201800001;
/home/usuario/Downloads/mdplib_2010/GKD_c/GKD-c_12_n500_m50.txt;30028;19360.223930000007;
/home/usuario/Downloads/mdplib_2010/GKD_c/GKD-c_13_n500_m50.txt;36797;19366.69851999999;
/home/usuario/Downloads/mdplib_2010/GKD_c/GKD-c_14_n500_m50.txt;53512;19458.564660000076;
/home/usuario/Downloads/mdplib_2010/GKD_c/GKD-c_15_n500_m50.txt;40999;19422.146400000176;
/home/usuario/Downloads/mdplib_2010/GKD_c/GKD-c_16_n500_m50.txt;29245;19680.20477000006;
/home/usuario/Downloads/mdplib_2010/GKD_c/GKD-c_17_n500_m50.txt;69156;19331.388410000123;
/home/usuario/Downloads/mdplib_2010/GKD_c/GKD-c_18_n500_m50.txt;32212;19461.394599999923;
/home/usuario/Downloads/mdplib_2010/GKD_c/GKD-c_19_n500_m50.txt;53110;19477.32577000003;
/home/usuario/Downloads/mdplib_2010/GKD_c/GKD-c_1_n500_m50.txt;39514;19485.186970000086;
/home/usuario/Downloads/mdplib_2010/GKD_c/GKD-c_20_n500_m50.txt;28705;19604.843560000038;
/home/usuario/Downloads/mdplib_2010/GKD_c/GKD-c_2_n500_m50.txt;40392;19701.534770000086;
/home/usuario/Downloads/mdplib_2010/GKD_c/GKD-c_3_n500_m50.txt;31831;19547.206850000068;
/home/usuario/Downloads/mdplib_2010/GKD_c/GKD-c_4_n500_m50.txt;42152;19596.468380000075;
/home/usuario/Downloads/mdplib_2010/GKD_c/GKD-c_5_n500_m50.txt;31685;19602.621990000058;
/home/usuario/Downloads/mdplib_2010/GKD_c/GKD-c_6_n500_m50.txt;42304;19421.53908000015;
/home/usuario/Downloads/mdplib_2010/GKD_c/GKD-c_7_n500_m50.txt;61076;19534.30358000005;
/home/usuario/Downloads/mdplib_2010/GKD_c/GKD-c_8_n500_m50.txt;43790;19487.320529999986;
/home/usuario/Downloads/mdplib_2010/GKD_c/GKD-c_9_n500_m50.txt;24716;19221.62878000004;
/home/usuario/Downloads/mdplib_2010/GKD_c/GKD-c_10_n500_m50.txt;29505;19703.339910000053;
/home/usuario/Downloads/mdplib_2010/GKD_c/GKD-c_11_n500_m50.txt;27398;19587.120180000096;
/home/usuario/Downloads/mdplib_2010/GKD_c/GKD-c_12_n500_m50.txt;31037;19360.22393;
/home/usuario/Downloads/mdplib_2010/GKD_c/GKD-c_13_n500_m50.txt;38455;19366.69852000001;
/home/usuario/Downloads/mdplib_2010/GKD_c/GKD-c_14_n500_m50.txt;54382;19458.564660000087;
/home/usuario/Downloads/mdplib_2010/GKD_c/GKD-c_15_n500_m50.txt;42613;19422.146400000176;
/home/usuario/Downloads/mdplib_2010/GKD_c/GKD-c_16_n500_m50.txt;29874;19680.204770000062;
/home/usuario/Downloads/mdplib_2010/GKD_c/GKD-c_17_n500_m50.txt;68621;19331.388410000127;
/home/usuario/Downloads/mdplib_2010/GKD_c/GKD-c_18_n500_m50.txt;33133;19461.394599999927;
/home/usuario/Downloads/mdplib_2010/GKD_c/GKD-c_19_n500_m50.txt;55080;19477.325770000036;
/home/usuario/Downloads/mdplib_2010/GKD_c/GKD-c_1_n500_m50.txt;41540;19485.18697000008;
/home/usuario/Downloads/mdplib_2010/GKD_c/GKD-c_20_n500_m50.txt;29881;19604.843560000045;
/home/usuario/Downloads/mdplib_2010/GKD_c/GKD-c_2_n500_m50.txt;41453;19701.53477000009;
/home/usuario/Downloads/mdplib_2010/GKD_c/GKD-c_3_n500_m50.txt;33089;19547.206850000064;
/home/usuario/Downloads/mdplib_2010/GKD_c/GKD-c_4_n500_m50.txt;44164;19596.468380000082;
/home/usuario/Downloads/mdplib_2010/GKD_c/GKD-c_5_n500_m50.txt;32599;19602.621990000058;
/home/usuario/Downloads/mdplib_2010/GKD_c/GKD-c_6_n500_m50.txt;44452;19421.53908000015;
/home/usuario/Downloads/mdplib_2010/GKD_c/GKD-c_7_n500_m50.txt;63391;19534.30358000005;
/home/usuario/Downloads/mdplib_2010/GKD_c/GKD-c_8_n500_m50.txt;46265;19487.320529999986;
/home/usuario/Downloads/mdplib_2010/GKD_c/GKD-c_9_n500_m50.txt;24371;19221.62878000004;
/home/usuario/Downloads/mdplib_2010/GKD_c/GKD-c_10_n500_m50.txt;29424;19703.339910000046;
/home/usuario/Downloads/mdplib_2010/GKD_c/GKD-c_11_n500_m50.txt;27342;19587.120180000096;
/home/usuario/Downloads/mdplib_2010/GKD_c/GKD-c_12_n500_m50.txt;32484;19360.22393000001;
/home/usuario/Downloads/mdplib_2010/GKD_c/GKD-c_13_n500_m50.txt;39928;19366.69851999999;
/home/usuario/Downloads/mdplib_2010/GKD_c/GKD-c_14_n500_m50.txt;55052;19458.564660000087;
/home/usuario/Downloads/mdplib_2010/GKD_c/GKD-c_15_n500_m50.txt;43813;19422.146400000176;
/home/usuario/Downloads/mdplib_2010/GKD_c/GKD-c_16_n500_m50.txt;30219;19680.204770000062;
/home/usuario/Downloads/mdplib_2010/GKD_c/GKD-c_17_n500_m50.txt;72079;19331.388410000127;
/home/usuario/Downloads/mdplib_2010/GKD_c/GKD-c_18_n500_m50.txt;32856;19461.39459999993;
/home/usuario/Downloads/mdplib_2010/GKD_c/GKD-c_19_n500_m50.txt;55695;19477.325770000036;
/home/usuario/Downloads/mdplib_2010/GKD_c/GKD-c_1_n500_m50.txt;42185;19485.18697000008;
/home/usuario/Downloads/mdplib_2010/GKD_c/GKD-c_20_n500_m50.txt;30416;19604.843560000038;
/home/usuario/Downloads/mdplib_2010/GKD_c/GKD-c_2_n500_m50.txt;42422;19701.53477000009;
/home/usuario/Downloads/mdplib_2010/GKD_c/GKD-c_3_n500_m50.txt;33075;19547.20685000007;
/home/usuario/Downloads/mdplib_2010/GKD_c/GKD-c_4_n500_m50.txt;44129;19596.468380000082;
/home/usuario/Downloads/mdplib_2010/GKD_c/GKD-c_5_n500_m50.txt;34055;19602.621990000058;
/home/usuario/Downloads/mdplib_2010/GKD_c/GKD-c_6_n500_m50.txt;44698;19421.539080000137;
/home/usuario/Downloads/mdplib_2010/GKD_c/GKD-c_7_n500_m50.txt;61942;19534.30358000005;
/home/usuario/Downloads/mdplib_2010/GKD_c/GKD-c_8_n500_m50.txt;45335;19487.320529999986;
/home/usuario/Downloads/mdplib_2010/GKD_c/GKD-c_9_n500_m50.txt;24311;19221.62878000004;
/home/usuario/Downloads/mdplib_2010/GKD_c/GKD-c_10_n500_m50.txt;28672;19703.339910000053;
/home/usuario/Downloads/mdplib_2010/GKD_c/GKD-c_11_n500_m50.txt;27553;19587.120180000096;
/home/usuario/Downloads/mdplib_2010/GKD_c/GKD-c_12_n500_m50.txt;32220;19360.22393000002;
/home/usuario/Downloads/mdplib_2010/GKD_c/GKD-c_13_n500_m50.txt;38730;19366.69851999999;
/home/usuario/Downloads/mdplib_2010/GKD_c/GKD-c_14_n500_m50.txt;55095;19458.56466000008;
/home/usuario/Downloads/mdplib_2010/GKD_c/GKD-c_15_n500_m50.txt;42401;19422.146400000176;
/home/usuario/Downloads/mdplib_2010/GKD_c/GKD-c_16_n500_m50.txt;31287;19680.204770000062;
/home/usuario/Downloads/mdplib_2010/GKD_c/GKD-c_17_n500_m50.txt;70655;19331.388410000123;
/home/usuario/Downloads/mdplib_2010/GKD_c/GKD-c_18_n500_m50.txt;33003;19461.39459999993;
/home/usuario/Downloads/mdplib_2010/GKD_c/GKD-c_19_n500_m50.txt;56699;19477.325770000036;
/home/usuario/Downloads/mdplib_2010/GKD_c/GKD-c_1_n500_m50.txt;42624;19485.186970000086;
/home/usuario/Downloads/mdplib_2010/GKD_c/GKD-c_20_n500_m50.txt;29547;19604.843560000045;
/home/usuario/Downloads/mdplib_2010/GKD_c/GKD-c_2_n500_m50.txt;42819;19701.534770000086;
/home/usuario/Downloads/mdplib_2010/GKD_c/GKD-c_3_n500_m50.txt;33538;19547.20685000007;
/home/usuario/Downloads/mdplib_2010/GKD_c/GKD-c_4_n500_m50.txt;44236;19596.468380000075;
/home/usuario/Downloads/mdplib_2010/GKD_c/GKD-c_5_n500_m50.txt;34190;19602.621990000058;
/home/usuario/Downloads/mdplib_2010/GKD_c/GKD-c_6_n500_m50.txt;44558;19421.53908000015;
/home/usuario/Downloads/mdplib_2010/GKD_c/GKD-c_7_n500_m50.txt;64453;19534.303580000047;
/home/usuario/Downloads/mdplib_2010/GKD_c/GKD-c_8_n500_m50.txt;45593;19487.320529999983;
/home/usuario/Downloads/mdplib_2010/GKD_c/GKD-c_9_n500_m50.txt;24463;19221.62878000004;
/home/usuario/Downloads/mdplib_2010/GKD_c/GKD-c_10_n500_m50.txt;29235;19703.33991000005;
/home/usuario/Downloads/mdplib_2010/GKD_c/GKD-c_11_n500_m50.txt;27125;19587.1201800001;
/home/usuario/Downloads/mdplib_2010/GKD_c/GKD-c_12_n500_m50.txt;30628;19360.22393000002;
/home/usuario/Downloads/mdplib_2010/GKD_c/GKD-c_13_n500_m50.txt;37253;19366.69852000001;
/home/usuario/Downloads/mdplib_2010/GKD_c/GKD-c_14_n500_m50.txt;53035;19458.564660000076;
/home/usuario/Downloads/mdplib_2010/GKD_c/GKD-c_15_n500_m50.txt;40980;19422.146400000176;
/home/usuario/Downloads/mdplib_2010/GKD_c/GKD-c_16_n500_m50.txt;30897;19680.204770000062;
/home/usuario/Downloads/mdplib_2010/GKD_c/GKD-c_17_n500_m50.txt;69101;19331.388410000127;
/home/usuario/Downloads/mdplib_2010/GKD_c/GKD-c_18_n500_m50.txt;32764;19461.39459999993;
/home/usuario/Downloads/mdplib_2010/GKD_c/GKD-c_19_n500_m50.txt;54356;19477.32577000003;
/home/usuario/Downloads/mdplib_2010/GKD_c/GKD-c_1_n500_m50.txt;39745;19485.18697000008;
/home/usuario/Downloads/mdplib_2010/GKD_c/GKD-c_20_n500_m50.txt;29302;19604.843560000045;
/home/usuario/Downloads/mdplib_2010/GKD_c/GKD-c_2_n500_m50.txt;42200;19701.53477000009;
/home/usuario/Downloads/mdplib_2010/GKD_c/GKD-c_3_n500_m50.txt;32406;19547.20685000007;
/home/usuario/Downloads/mdplib_2010/GKD_c/GKD-c_4_n500_m50.txt;43266;19596.468380000075;
/home/usuario/Downloads/mdplib_2010/GKD_c/GKD-c_5_n500_m50.txt;32909;19602.62199000005;
/home/usuario/Downloads/mdplib_2010/GKD_c/GKD-c_6_n500_m50.txt;43807;19421.53908000015;
/home/usuario/Downloads/mdplib_2010/GKD_c/GKD-c_7_n500_m50.txt;61888;19534.30358000005;
/home/usuario/Downloads/mdplib_2010/GKD_c/GKD-c_8_n500_m50.txt;44636;19487.320529999983;
/home/usuario/Downloads/mdplib_2010/GKD_c/GKD-c_9_n500_m50.txt;24549;19221.62878000004;
/home/usuario/Downloads/mdplib_2010/GKD_c/GKD-c_10_n500_m50.txt;30098;19703.33991000005;
/home/usuario/Downloads/mdplib_2010/GKD_c/GKD-c_11_n500_m50.txt;26912;19587.1201800001;
/home/usuario/Downloads/mdplib_2010/GKD_c/GKD-c_12_n500_m50.txt;29922;19360.22393000001;
/home/usuario/Downloads/mdplib_2010/GKD_c/GKD-c_13_n500_m50.txt;39034;19366.69851999999;
/home/usuario/Downloads/mdplib_2010/GKD_c/GKD-c_14_n500_m50.txt;52992;19458.56466000008;
/home/usuario/Downloads/mdplib_2010/GKD_c/GKD-c_15_n500_m50.txt;39983;19422.146400000176;
/home/usuario/Downloads/mdplib_2010/GKD_c/GKD-c_16_n500_m50.txt;29241;19680.204770000062;
/home/usuario/Downloads/mdplib_2010/GKD_c/GKD-c_17_n500_m50.txt;68263;19331.388410000123;
/home/usuario/Downloads/mdplib_2010/GKD_c/GKD-c_18_n500_m50.txt;31893;19461.39459999993;
/home/usuario/Downloads/mdplib_2010/GKD_c/GKD-c_19_n500_m50.txt;54071;19477.32577000003;
/home/usuario/Downloads/mdplib_2010/GKD_c/GKD-c_1_n500_m50.txt;40459;19485.186970000086;
/home/usuario/Downloads/mdplib_2010/GKD_c/GKD-c_20_n500_m50.txt;28061;19604.843560000045;
/home/usuario/Downloads/mdplib_2010/GKD_c/GKD-c_2_n500_m50.txt;40543;19701.534770000075;
/home/usuario/Downloads/mdplib_2010/GKD_c/GKD-c_3_n500_m50.txt;30829;19547.20685000007;
/home/usuario/Downloads/mdplib_2010/GKD_c/GKD-c_4_n500_m50.txt;42423;19596.468380000075;
/home/usuario/Downloads/mdplib_2010/GKD_c/GKD-c_5_n500_m50.txt;31480;19602.62199000005;
/home/usuario/Downloads/mdplib_2010/GKD_c/GKD-c_6_n500_m50.txt;44198;19421.53908000015;
/home/usuario/Downloads/mdplib_2010/GKD_c/GKD-c_7_n500_m50.txt;61246;19534.30358000005;
/home/usuario/Downloads/mdplib_2010/GKD_c/GKD-c_8_n500_m50.txt;44286;19487.320529999975;
/home/usuario/Downloads/mdplib_2010/GKD_c/GKD-c_9_n500_m50.txt;23820;19221.62878000004;
